{
  "saved_bonuses": {
    "0": 0.028153637426627322,
    "1": 3.036793468546006,
    "2": 111.74836719338467,
    "3": 7.576476911670386,
    "4": 1.2333748794002417,
    "5": 53.50667930503183,
    "6": 33.80287888077405
  },
  "goal_bonuses": {
    "0": 0.010526659770549137,
    "1": 57.573342040814204,
    "2": 58.40937740809461,
    "3": 14.28555269786335,
    "4": 2.202905015725744,
    "5": 0.3571557479967246,
    "6": 5.07837010514304
  },
  "near_goal_bonuses": {
    "0": -0.3050066065849935,
    "1": 38.199972163832726,
    "2": 29.003627384497598,
    "3": 12.045277827602941,
    "4": 24.490012461443563,
    "5": 2.0876050272774913,
    "6": 9.915910477325314
  },
  "game_stage_bonuses": {
    "midgame": 18.79717631791485,
    "endgame": 515.7900465509822
  },
  "captured_bonuses": {
    "0": 0.1800671237319551,
    "1": 12.554379913382151,
    "2": 1.8605371667720034,
    "3": 1.024574839476519,
    "4": 0.4641625936392821,
    "5": 7.598878879167092,
    "6": 340.53982413372376
  },
  "loose_piece_penalties": {
    "0": -0.26641782457233637,
    "1": -11.611899455320382,
    "2": -13.018383330507136,
    "3": -144.3123039899459,
    "4": -5.04130339106419,
    "5": -16.671383664946656,
    "6": -4.3497411600768086
  },
  "blocked_piece_penalties": {
    "0": -0.09704462251191366,
    "1": -148.97675301127148,
    "2": -46.151856016094996,
    "3": -15.141172227012643,
    "4": -15.602662847163694,
    "5": -2.117059848474493,
    "6": -12.175980129617884
  },
  "saved_piece": 169.8307319265903,
  "goal_piece": 118.68022303234875,
  "near_goal_piece": 22.28698463791407,
  "nearer_goal_piece": 0.201117253826335,
  "captured_opponent_piece": 135.22687503599948,
  "unentered_piece": -952.9694255083381,
  "loose_piece": -17.1950893068284,
  "blocked_piece": -78.85227503142205,
  "distance_penalty": -1.5046897298670405,
  "high_goal_penalty": -0.37030389910861344,
  "dice_roll_utilization": -6.394902310369828,
  "dice_spread": 0.13435729629562443
}